<?xml version="1.0" encoding="utf-8"?>
<browserconfig>
    <msapplication>
        <tile>
            <square70x70logo src="/logo.png"/>
            <square150x150logo src="/logo.png"/>
            <square310x310logo src="/logo.png"/>
            <wide310x150logo src="/logo.png"/>
            <TileColor>#1e3a8a</TileColor>
        </tile>
        <notification>
            <polling-uri src="https://www.proprius-recovery.com/"/>
            <frequency>30</frequency>
            <cycle>1</cycle>
        </notification>
    </msapplication>
</browserconfig>
